Metric,Score
Accuracy,0.7818052594171997
Precision,0.5811138014527845
Recall,0.6417112299465241
F1-Score,0.6099110546378652
Kappa,0.4589715488141687
