Metric,Score
Accuracy,0.7427149964463398
Precision,0.5102040816326531
Recall,0.8021390374331551
F1-Score,0.6237006237006237
Kappa,0.44256492760284993
