Metric,Score
Accuracy,0.7690120824449183
Precision,0.5490981963927856
Recall,0.732620320855615
F1-Score,0.6277205040091638
Kappa,0.46521234207230144
