LR,KNN,RF,GB,AB
0.0,0.0,0.0,0.0,0.0
0.0,0.0,0.0,0.0,0.0
0.0,0.0,0.0,0.0,0.0
0.0,0.0,0.0,0.0,0.0
0.0,0.0,0.0,0.0,0.0
0.7716129032258064,1.0,1.0,0.9019354838709678,0.8490322580645161
0.775483870967742,1.0,1.0,0.896774193548387,0.8296774193548387
0.7574193548387097,1.0,1.0,0.8980645161290323,0.8464516129032258
0.7780645161290323,1.0,1.0,0.8812903225806452,0.8283870967741935
0.8129032258064516,1.0,1.0,0.896774193548387,0.8129032258064516
