Metric,Score
Accuracy,0.9264555669050051
Precision,0.1
Recall,0.1
F1-Score,0.10000000000000002
Kappa,0.06166134185303507
