Metric,Score
Accuracy,0.8876404494382022
Precision,0.08333333333333333
Recall,0.175
F1-Score,0.11290322580645161
Kappa,0.06091946004394988
