Metric,Score
Accuracy,0.9193054136874361
Precision,0.1320754716981132
Recall,0.175
F1-Score,0.15053763440860213
Kappa,0.10904650546614902
