paperless_billing_No,partner_Yes,online_security_No internet service,internet_service_No,online_security_Yes,internet_service_DSL,senior_citizen_No,partner_No,total_charges,streaming_tv_No,paperless_billing_Yes,streaming_tv_Yes,senior_citizen_Yes,online_security_No,internet_service_Fiber optic,contract_Month-to-month,payment_method_Credit card (automatic)
0.18266343825665854,0.17164648910411617,0.13861985472154958,0.13861985472154958,0.1218523002421307,0.11353510895883771,0.10269975786924931,0.09560532687651326,0.08989104116222754,0.08852300242130745,0.07986682808716702,0.07727602905569002,0.05156174334140432,0.037711864406779615,0.028377723970944246,0.019709443099273572,0.007820823244552022
