Metric,Score
Accuracy,0.8892156862745098
Precision,0.12643678160919541
Recall,0.22916666666666666
F1-Score,0.16296296296296295
Kappa,0.10891548381111416
