Metric,Score
Accuracy,0.7470588235294118
Precision,0.125
Recall,0.7291666666666666
F1-Score,0.21341463414634146
Kappa,0.14469578783151316
