Metric,Score
Accuracy,0.9441176470588235
Precision,0.09090909090909091
Recall,0.020833333333333332
F1-Score,0.03389830508474576
Kappa,0.01664298761924099
