Metric,Score
Accuracy,0.7803837953091685
Precision,0.5779376498800959
Recall,0.6443850267379679
F1-Score,0.609355246523388
Kappa,0.45723894879160476
