Metric,Score
Accuracy,0.7611940298507462
Precision,0.548469387755102
Recall,0.5748663101604278
F1-Score,0.5613577023498695
Kappa,0.3974196541694178
