Metric,Score
Accuracy,0.7420042643923241
Precision,0.5094664371772806
Recall,0.7914438502673797
F1-Score,0.6198952879581152
Kappa,0.43818866413595037
