Metric,Score
Accuracy,0.7412935323383084
Precision,0.5090579710144928
Recall,0.7513368983957219
F1-Score,0.6069114470842333
Kappa,0.42454375686808554
