Metric,Score
Accuracy,0.9137254901960784
Precision,0.11538461538461539
Recall,0.125
F1-Score,0.12000000000000001
Kappa,0.0747154873824839
