Metric,Score
Accuracy,0.7441176470588236
Precision,0.12367491166077739
Recall,0.7291666666666666
F1-Score,0.21148036253776437
Kappa,0.14247613157589578
