Metric,Score
Accuracy,0.8578431372549019
Precision,0.11811023622047244
Recall,0.3125
F1-Score,0.1714285714285714
Kappa,0.11068619669528834
