Metric,Score
Accuracy,0.7558823529411764
Precision,0.12915129151291513
Recall,0.7291666666666666
F1-Score,0.219435736677116
Kappa,0.1516013949573095
