Metric,Score
Accuracy,0.7306325515280739
Precision,0.49575551782682514
Recall,0.7807486631016043
F1-Score,0.6064382139148494
Kappa,0.41680765642754725
