Metric,Score
Accuracy,0.7199715707178393
Precision,0.4837662337662338
Recall,0.7967914438502673
F1-Score,0.602020202020202
Kappa,0.4052986498055059
