Metric,Score
Accuracy,0.7064676616915423
Precision,0.4694835680751174
Recall,0.8021390374331551
F1-Score,0.5923000987166831
Kappa,0.38659416732906227
