Metric,Score
Accuracy,0.7199715707178393
Precision,0.47854077253218885
Recall,0.5962566844919787
F1-Score,0.530952380952381
Kappa,0.334753369686264
