Metric,Score
Accuracy,0.7647476901208244
Precision,0.5530864197530864
Recall,0.5989304812834224
F1-Score,0.5750962772785623
Kappa,0.41279868064197667
