Metric,Score
Accuracy,0.7626154939587776
Precision,0.5540540540540541
Recall,0.5481283422459893
F1-Score,0.5510752688172043
Kappa,0.3897289519614361
