Metric,Score
Accuracy,0.7427149964463398
Precision,0.5102739726027398
Recall,0.7967914438502673
F1-Score,0.6221294363256785
Kappa,0.44095210707362964
