Metric,Score
Accuracy,0.8960784313725491
Precision,0.10810810810810811
Recall,0.16666666666666666
F1-Score,0.13114754098360656
Kappa,0.0785436694620576
