Metric,Score
Accuracy,0.7526652452025586
Precision,0.525691699604743
Recall,0.7112299465240641
F1-Score,0.6045454545454545
Kappa,0.43043858587926553
