Metric,Score
Accuracy,0.7078891257995735
Precision,0.4608879492600423
Recall,0.5828877005347594
F1-Score,0.5147579693034238
Kappa,0.3098702151147179
