Metric,Score
Accuracy,0.7533759772565742
Precision,0.5249537892791127
Recall,0.7593582887700535
F1-Score,0.6207650273224044
Kappa,0.44691453966470196
