Metric,Score
Accuracy,0.7547974413646056
Precision,0.5384615384615384
Recall,0.5427807486631016
F1-Score,0.540612516644474
Kappa,0.3733839705367896
