Metric,Score
Accuracy,0.7100213219616205
Precision,0.4669260700389105
Recall,0.6417112299465241
F1-Score,0.5405405405405406
Kappa,0.33630847777428363
