Metric,Score
Accuracy,0.7626154939587776
Precision,0.5460829493087558
Recall,0.6336898395721925
F1-Score,0.5866336633663366
Kappa,0.4214182294539438
