Metric,Score
Accuracy,0.7562189054726368
Precision,0.5404699738903395
Recall,0.553475935828877
F1-Score,0.546895640686922
Kappa,0.3801801917507369
