Metric,Score
Accuracy,0.7569296375266524
Precision,0.5432432432432432
Recall,0.5374331550802139
F1-Score,0.5403225806451613
Kappa,0.37511168134973405
