Metric,Score
Accuracy,0.7455579246624022
Precision,0.5143884892086331
Recall,0.7647058823529411
F1-Score,0.6150537634408603
Kappa,0.4357006661274313
