Metric,Score
Accuracy,0.7526652452025586
Precision,0.5237226277372263
Recall,0.767379679144385
F1-Score,0.6225596529284166
Kappa,0.4482042035273567
