Metric,Score
Accuracy,0.7533759772565742
Precision,0.5317647058823529
Recall,0.6042780748663101
F1-Score,0.5657071339173968
Kappa,0.39447694572568537
