Metric,Score
Accuracy,0.7825159914712153
Precision,0.5909090909090909
Recall,0.5909090909090909
F1-Score,0.5909090909090909
Kappa,0.4427967966206108
