Metric,Score
Accuracy,0.7604832977967306
Precision,0.5473145780051151
Recall,0.5721925133689839
F1-Score,0.5594771241830064
Kappa,0.39511817392047577
