Metric,Score
Accuracy,0.7732764747690121
Precision,0.570694087403599
Recall,0.5935828877005348
F1-Score,0.581913499344692
Kappa,0.4264620755486097
