Metric,Score
Accuracy,0.738450604122246
Precision,0.5050847457627119
Recall,0.7967914438502673
F1-Score,0.6182572614107884
Kappa,0.4341419060400338
