Metric,Score
Accuracy,0.757640369580668
Precision,0.5407407407407407
Recall,0.5855614973262032
F1-Score,0.5622593068035945
Kappa,0.3950584595133354
