Metric,Score
Accuracy,0.7569296375266524
Precision,0.5299625468164794
Recall,0.7566844919786097
F1-Score,0.6233480176211453
Kappa,0.4520204435819998
